{"cameraMode":{"drawMode":0,"name":"Shaded","section":"Shading Mode"},"sceneLighting":true,"audioPlay":false,"sceneViewState":{"m_AlwaysRefresh":false,"showFog":true,"showSkybox":true,"showFlares":true,"showImageEffects":true,"showParticleSystems":true,"showVisualEffectGraphs":true,"m_FxEnabled":true},"in2DMode":false,"pivot":{"x":1.2581710815429688,"y":-1.5297341346740723,"z":-4.300282955169678},"rotation":{"x":0.28740373253822329,"y":0.37489503622055056,"z":-0.12323957681655884,"w":0.8728614449501038},"size":3.8804314136505129,"orthographic":false}